Year,Return
2004,7.40310412709339
2005,28.6040972295897
2006,9.13479389923801
2007,0.506318052944474
2008,-38.7276797433601
2009,30.8422904341085
2010,21.4660519062192
2011,-4.70809083386957
2012,14.2371876638484
2013,17.3775724621252
2014,18.3914703427451
2015,9.10189488848865
2016,11.5399391197856
2017,8.96514789687427
2018,-5.28214663682441
2019,28.9571206063667
2020,6.209582871555
2021,28.2749264673585
2022,-13.0021608775068
2023,17.7617187175454
